{"cameraMode":{"drawMode":0,"name":"Shaded","section":"Shading Mode"},"sceneLighting":false,"audioPlay":false,"sceneViewState":{"m_AlwaysRefresh":false,"showFog":true,"showSkybox":false,"showFlares":true,"showImageEffects":true,"showParticleSystems":true,"showVisualEffectGraphs":true,"m_FxEnabled":true},"in2DMode":false,"pivot":{"x":0.7250768542289734,"y":4.156292915344238,"z":-0.8891437649726868},"rotation":{"x":0.1613713502883911,"y":-0.8200849294662476,"z":0.28034883737564089,"w":0.47205236554145815},"size":12.646286964416504,"orthographic":false}